,model,make,arabic_model,entry
0,팰리세이드(PALISADE),Hyundai,باليسايد,0001
1,K5,Kia,K5,0002
2,쏘렌토,Kia,سورينتو,0003
3,니로 EV,Kia,نيرو EV,0004
4,아반떼 Hybrid(AVANTE Hybrid),Hyundai,أفانت هايبرد,0006
5,EV6,Kia,كيا EV6,0007
6,카니발,Kia,كارنيفال,0008
7,EV6,Kia,كيا EV6,0009
8,쏘렌토 하이브리드,Kia,سورينتو هايبرد,0011
9,K5,Kia,K5,0012
10,K3,Kia,K3,0013
11,G90,Genesis,G90,0014
12,K5 하이브리드,Kia,K5 هايبرد,0015
13,셀토스,Kia,سيلتوس,0016
14,쏘렌토,Kia,سورينتو,0018
15,모닝,Kia,مورنينغ,0019
16,니로 EV,Kia,نيرو EV,0020
17,아반떼(AVANTE),Hyundai,أفانت,0021
18,팰리세이드(PALISADE),Hyundai,باليسايد,0022
19,트레일블레이저 1.35 TURBO FWD,Chevrolet,تريل بليزر 1.35 تيربو FWD,0023
20,아반떼(AVANTE),Hyundai,أفانت,0024
21,K5 하이브리드,Kia,K5 هايبرد,0025
22,스포티지,Kia,سبورتاج,0027
23,쏘렌토 하이브리드,Kia,سورينتو هايبرد,0028
24,G80,Genesis,G80,0029
25,그랜저 하이브리드(GRANDEUR HYBRID),Hyundai,جراندور هايبرد,0030
26,아이오닉 하이브리드(IONIQ HYBRID),Hyundai,أيونيك هايبرد,0032
27,아반떼(AVANTE),Hyundai,أفانت,0033
28,카니발,Kia,كارنيفال,0034
29,트레일블레이저 1.35 TURBO FWD,Chevrolet,تريل بليزر 1.35 تيربو FWD,0035
30,아반떼(AVANTE),Hyundai,أفانت,0036
31,아반떼(AVANTE),Hyundai,أفانت,0038
32,코나 일렉트릭 (KONA ELECTRIC),Hyundai,كونا كهربائي,0039
33,투싼(TUCSON),Hyundai,توسان,0040
34,티볼리,SsangYong,تيفولي,0041
35,쏘렌토,Kia,سورينتو,0042
36,레이,Kia,ري,0043
37,아반떼(AVANTE),Hyundai,أفانت,0044
38,쏘나타(SONATA),Hyundai,سوناتا,0045
39,K5 하이브리드,Kia,K5 هايبرد,0046
40,K5 하이브리드,Kia,K5 هايبرد,0048
41,싼타페(SANTAFE),Hyundai,سانتافيه,0049
42,레이,Kia,ري,0051
43,K8 하이브리드,Kia,K8 هايبرد,0053
44,아반떼(AVANTE),Hyundai,أفانت,0054
45,코나 하이브리드(KONA HYBRID),Hyundai,كونا هايبرد,0055
46,아반떼(AVANTE),Hyundai,أفانت,0056
47,아반떼(AVANTE),Hyundai,أفانت,0058
48,K5 하이브리드,Kia,K5 هايبرد,0061
49,쏘나타(SONATA),Hyundai,سوناتا,0062
50,스파크 1.0,Chevrolet,شيفروليه سبارك 1.0,0063
51,그랜저(GRANDEUR),Hyundai,جراندور,0064
52,쏘나타(SONATA),Hyundai,سوناتا,0065
53,아반떼(AVANTE),Hyundai,أفانت,0066
54,코나 일렉트릭 (KONA ELECTRIC),Hyundai,كونا كهربائي,0067
55,베뉴(VENUE),Hyundai,فينيو,0068
56,모닝,Kia,مورنينغ,0069
57,아반떼(AVANTE),Hyundai,أفانت,0071
58,티볼리,SsangYong,تيفولي,0072
59,SM6,Renault,SM6,0073
60,QM6,Renault,رينو QM6,0074
61,베뉴(VENUE),Hyundai,فينيو,0075
62,그랜저(GRANDEUR),Hyundai,جراندور,0076
63,CHEVROLET BOLT EV,Chevrolet,بولت EV,0077
64,니로 EV,Kia,نيرو EV,0078
65,아반떼(AVANTE),Hyundai,أفانت,0079
66,스파크 1.0,Chevrolet,شيفروليه سبارك 1.0,0080
67,그랜저(GRANDEUR),Hyundai,جراندور,0081
68,레이,Kia,ري,0082
69,코나(KONA),Hyundai,كونا,0083
70,아반떼 Hybrid(AVANTE Hybrid),Hyundai,أفانت هايبرد,0084
71,아반떼(AVANTE),Hyundai,أفانت,0086
72,카니발,Kia,كارنيفال,0087
73,레이,Kia,ري,0088
74,스포티지,Kia,سبورتاج,0089
75,베뉴(VENUE),Hyundai,فينيو,0090
76,코나 일렉트릭 (KONA ELECTRIC),Hyundai,كونا كهربائي,0091
77,아이오닉 하이브리드(IONIQ HYBRID),Hyundai,أيونيك هايبرد,0092
78,그랜저(GRANDEUR),Hyundai,جراندور,0094
79,코나 하이브리드(KONA HYBRID),Hyundai,كونا هايبرد,0095
80,G80,Genesis,G80,0096
81,카니발,Kia,كارنيفال,0098
82,티볼리,SsangYong,تيفولي,0099
83,그랜저(GRANDEUR),Hyundai,جراندور,0100
84,카니발,Kia,كارنيفال,0101
85,K8 하이브리드,Kia,K8 هايبرد,0102
86,카니발,Kia,كارنيفال,0104
87,카니발 하이리무진,Kia,كارنيفال,0106
88,티볼리,SsangYong,تيفولي,0107
89,레이,Kia,ري,0109
90,모닝,Kia,مورنينغ,0110
91,스포티지,Kia,سبورتاج,0111
92,아반떼(AVANTE),Hyundai,أفانت,0114
93,투싼(TUCSON),Hyundai,توسان,0115
94,K7,Kia,K7,0116
95,카니발,Kia,كارنيفال,0117
96,그랜드 스타렉스(GRAND STAREX),Hyundai,جراند ستاركس,0118
97,레이,Kia,ري,0120
98,코나 하이브리드(KONA HYBRID),Hyundai,كونا هايبرد,0121
99,G80,Genesis,G80,0122
100,아반떼(AVANTE),Hyundai,أفانت,0123
101,K7,Kia,K7,0124
102,아반떼(AVANTE),Hyundai,أفانت,0125
103,그랜저(GRANDEUR),Hyundai,جراندور,0126
104,쏘나타(SONATA),Hyundai,سوناتا,0127
105,코나 하이브리드(KONA HYBRID),Hyundai,كونا هايبرد,0128
106,니로 EV,Kia,نيرو EV,0129
107,K7,Kia,K7,0130
108,BMW 520i,BMW,520i,0131
109,스파크 1.0,Chevrolet,شيفروليه سبارك 1.0,0133
110,코나 하이브리드(KONA HYBRID),Hyundai,كونا هايبرد,0134
111,그랜드 스타렉스(GRAND STAREX),Hyundai,جراند ستاركس,0135
112,Mercedes-Benz E350 4MATIC,Mercedes,E350 4MATIC,0136
113,코나 하이브리드(KONA HYBRID),Hyundai,كونا هايبرد,0137
114,아반떼(AVANTE),Hyundai,أفانت,0138
115,동해고소작업차,Donghae,دونغهاي جوسو,0139
116,K5,Kia,K5,0140
117,아반떼(AVANTE),Hyundai,أفانت,0141
118,티볼리,SsangYong,تيفولي,0143
119,그랜저(GRANDEUR),Hyundai,جراندور,0144
120,그랜저 하이브리드(GRANDEUR HYBRID),Hyundai,جراندور هايبرد,0146
121,K5 하이브리드,Kia,K5 هايبرد,0147
122,포터Ⅱ (PORTERⅡ),Hyundai,بورتير Ⅱ,0148
123,K9,Kia,K9,0149
124,그랜저 하이브리드(GRANDEUR HYBRID),Hyundai,جراندور هايبرد,0151
125,아반떼(AVANTE),Hyundai,أفانت,0152
126,K5,Kia,K5,0154
127,카니발,Kia,كارنيفال,0155
128,쏘렌토,Kia,سورينتو,0156
129,베뉴(VENUE),Hyundai,فينيو,0157
130,코나 하이브리드(KONA HYBRID),Hyundai,كونا هايبرد,0158
131,아반떼(AVANTE),Hyundai,أفانت,0159
132,K5,Kia,K5,0160
133,싼타페(SANTAFE),Hyundai,سانتافيه,0161
134,그랜저 하이브리드(GRANDEUR HYBRID),Hyundai,جراندور هايبرد,0162
135,아이오닉 하이브리드(IONIQ HYBRID),Hyundai,أيونيك هايبرد,0163
136,그랜저(GRANDEUR),Hyundai,جراندور,0165
137,K5 하이브리드,Kia,K5 هايبرد,0166
138,아반떼(AVANTE),Hyundai,أفانت,0167
139,GV80,Genesis,GV80,0168
140,스파크 1.0,Chevrolet,شيفروليه سبارك 1.0,0169
141,K8,Kia,K8,0170
142,G80,Genesis,G80,0172
143,아반떼(AVANTE),Hyundai,أفانت,0173
144,티볼리,SsangYong,تيفولي,0174
145,아반떼(AVANTE),Hyundai,أفانت,0175
146,코나 일렉트릭 (KONA ELECTRIC),Hyundai,كونا كهربائي,0176
147,포터Ⅱ (PORTERⅡ),Hyundai,بورتير Ⅱ,0177
148,쏘나타(SONATA),Hyundai,سوناتا,0178
149,그랜저 하이브리드(GRANDEUR HYBRID),Hyundai,جراندور هايبرد,0179
150,아반떼(AVANTE),Hyundai,أفانت,0180
151,Mercedes-Benz S450 4MATIC L,Mercedes,S450 4MATIC L,0181
152,스파크 1.0,Chevrolet,شيفروليه سبارك 1.0,0182
153,아반떼(AVANTE),Hyundai,أفانت,0183
154,레이,Kia,ري,0185
155,쏘렌토 하이브리드,Kia,سورينتو هايبرد,0186
156,아이오닉 하이브리드(IONIQ HYBRID),Hyundai,أيونيك هايبرد,0188
157,카니발,Kia,كارنيفال,0189
158,K5,Kia,K5,0190
159,K5,Kia,K5,0192
160,티볼리,SsangYong,تيفولي,0193
161,아반떼(AVANTE),Hyundai,أفانت,0194
162,포터Ⅱ내장탑차 (PORTER Ⅱ),Hyundai,هيونداي بورتير II,0197
163,아반떼(AVANTE),Hyundai,أفانت,0199
164,K5,Kia,K5,0200
165,K7 하이브리드,Kia,K7 هايبرد,0202
166,그랜드 스타렉스(GRAND STAREX),Hyundai,جراند ستاركس,0203
167,코나 하이브리드(KONA HYBRID),Hyundai,كونا هايبرد,0204
168,쏘렌토,Kia,سورينتو,0205
169,K3,Kia,K3,0206
170,그랜저 하이브리드(GRANDEUR HYBRID),Hyundai,جراندور هايبرد,0207
171,코나 하이브리드(KONA HYBRID),Hyundai,كونا هايبرد,0208
172,K5 하이브리드,Kia,K5 هايبرد,0209
173,QM6,Renault,رينو QM6,0210
174,티볼리,SsangYong,تيفولي,0211
175,아이오닉5 (IONIQ5),Hyundai,أيونيك 5,0212
176,아반떼 Hybrid(AVANTE Hybrid),Hyundai,أفانت هايبرد,0213
177,K5,Kia,K5,0215
178,그랜저 하이브리드(GRANDEUR HYBRID),Hyundai,جراندور هايبرد,0216
179,모닝,Kia,مورنينغ,0217
180,아반떼(AVANTE),Hyundai,أفانت,0218
181,코나 일렉트릭 (KONA ELECTRIC),Hyundai,كونا كهربائي,0219
182,카니발,Kia,كارنيفال,0220
183,K5,Kia,K5,0221
184,K3,Kia,K3,0222
185,K5 하이브리드,Kia,K5 هايبرد,0224
186,K8,Kia,K8,0227
187,아반떼(AVANTE),Hyundai,أفانت,0228
188,트랙스 1.4,Chevrolet,تراكسي 1.4,0229
189,G90,Genesis,G90,0230
190,K5,Kia,K5,0232
191,쏘나타(SONATA),Hyundai,سوناتا,0233
192,아반떼(AVANTE),Hyundai,أفانت,0234
193,스파크 1.0,Chevrolet,شيفروليه سبارك 1.0,0235
194,코나 하이브리드(KONA HYBRID),Hyundai,كونا هايبرد,0238
195,투싼(TUCSON),Hyundai,توسان,0239
196,그랜저(GRANDEUR),Hyundai,جراندور,0240
197,카니발,Kia,كارنيفال,0242
198,티볼리,SsangYong,تيفولي,0243
199,카니발,Kia,كارنيفال,0244
200,니로 EV,Kia,نيرو EV,0246
201,그랜드 스타렉스(GRAND STAREX),Hyundai,جراند ستاركس,0247
202,그랜저(GRANDEUR),Hyundai,جراندور,0248
203,아반떼(AVANTE),Hyundai,أفانت,0249
204,레이,Kia,ري,0250
205,쏘렌토,Kia,سورينتو,0251
206,K3,Kia,K3,0252
207,티볼리,SsangYong,تيفولي,0253
208,K5,Kia,K5,0254
209,K7,Kia,K7,0256
210,아반떼(AVANTE),Hyundai,أفانت,0257
211,K3,Kia,K3,0258
212,셀토스,Kia,سيلتوس,0260
213,G70,Genesis,G70,0262
214,티볼리,SsangYong,تيفولي,0263
215,오토글로벌JS카니발하이리무진,AutoGlobal,كارنيفال,0264
216,K9,Kia,K9,0265
217,K5 하이브리드,Kia,K5 هايبرد,0266
218,K7 하이브리드,Kia,K7 هايبرد,0267
219,아반떼(AVANTE),Hyundai,أفانت,0269
220,G80,Genesis,G80,0270
221,카니발,Kia,كارنيفال,0271
222,베뉴(VENUE),Hyundai,فينيو,0272
223,아반떼(AVANTE),Hyundai,أفانت,0274
224,베뉴(VENUE),Hyundai,فينيو,0275
225,쏘렌토 하이브리드,Kia,سورينتو هايبرد,0277
226,아반떼(AVANTE),Hyundai,أفانت,0278
227,스타리아 (STARIA),Hyundai,ستاريا,0279
228,스파크 1.0,Chevrolet,شيفروليه سبارك 1.0,0280
229,아반떼(AVANTE),Hyundai,أفانت,0281
230,모하비,Kia,موهافي,0283
231,K7,Kia,K7,0284
232,아반떼(AVANTE),Hyundai,أفانت,0287
233,스파크 1.0,Chevrolet,شيفروليه سبارك 1.0,0288
234,봉고Ⅲ 1톤,Kia,بونغو III ,0289
235,그랜저(GRANDEUR),Hyundai,جراندور,0290
236,아반떼(AVANTE),Hyundai,أفانت,0291
237,모닝,Kia,مورنينغ,0292
238,K7,Kia,K7,0293
239,그랜저 하이브리드(GRANDEUR HYBRID),Hyundai,جراندور هايبرد,0294
240,셀토스,Kia,سيلتوس,0295
241,아반떼(AVANTE),Hyundai,أفانت,0296
242,니로 하이브리드,Kia,نيرو هايبرد,0298
243,모닝,Kia,مورنينغ,0299
244,코나 하이브리드(KONA HYBRID),Hyundai,كونا هايبرد,0300
245,아이오닉 하이브리드(IONIQ HYBRID),Hyundai,أيونيك هايبرد,0301
246,아반떼(AVANTE),Hyundai,أفانت,0302
247,코나 일렉트릭 (KONA ELECTRIC),Hyundai,كونا كهربائي,0303
248,K3,Kia,K3,0304
249,티볼리,SsangYong,تيفولي,0306
250,카니발,Kia,كارنيفال,0307
251,투싼(TUCSON),Hyundai,توسان,0308
252,GV80,Genesis,GV80,0309
253,EV6,Kia,كيا EV6,0310
254,G80,Genesis,G80,0311
255,K5,Kia,K5,0312
256,아반떼(AVANTE),Hyundai,أفانت,0313
257,카니발,Kia,كارنيفال,0314
258,트랙스 1.6 디젤,Chevrolet,تراكسي,0315
259,K9,Kia,K9,0316
260,아반떼(AVANTE),Hyundai,أفانت,0317
261,그랜저(GRANDEUR),Hyundai,جراندور,0318
262,스파크 1.0,Chevrolet,شيفروليه سبارك 1.0,0319
263,K7 하이브리드,Kia,K7 هايبرد,0320
264,아반떼(AVANTE),Hyundai,أفانت,0321
265,쏘나타(SONATA),Hyundai,سوناتا,0323
266,모닝,Kia,مورنينغ,0324
267,G90,Genesis,G90,0325
268,아반떼(AVANTE),Hyundai,أفانت,0326
269,모닝,Kia,مورنينغ,0327
270,아반떼(AVANTE),Hyundai,أفانت,0328
271,니로 EV,Kia,نيرو EV,0329
272,K3,Kia,K3,0330
273,K5,Kia,K5,0331
274,투싼(TUCSON),Hyundai,توسان,0332
275,쏘렌토,Kia,سورينتو,0333
276,모닝,Kia,مورنينغ,0334
277,그랜저(GRANDEUR),Hyundai,جراندور,0335
278,스포티지,Kia,سبورتاج,0336
279,EV6,Kia,كيا EV6,0337
280,코나 하이브리드(KONA HYBRID),Hyundai,كونا هايبرد,0339
281,스포티지,Kia,سبورتاج,0341
282,K7,Kia,K7,0342
283,아반떼(AVANTE),Hyundai,أفانت,0343
284,K7 하이브리드,Kia,K7 هايبرد,0345
285,모닝,Kia,مورنينغ,0346
286,레이,Kia,ري,0347
287,그랜저(GRANDEUR),Hyundai,جراندور,0349
288,셀토스,Kia,سيلتوس,0350
289,티볼리,SsangYong,تيفولي,0352
290,EV6,Kia,كيا EV6,0353
291,봉고Ⅲ 1톤,Kia,بونغو III ,0354
292,K5 하이브리드,Kia,K5 هايبرد,0355
293,아반떼(AVANTE),Hyundai,أفانت,0357
294,니로 EV,Kia,نيرو EV,0358
295,K5,Kia,K5,0359
296,아반떼 Hybrid(AVANTE Hybrid),Hyundai,أفانت هايبرد,0361
297,K8,Kia,K8,0362
298,티볼리,SsangYong,تيفولي,0363
299,아반떼(AVANTE),Hyundai,أفانت,0364
300,카니발,Kia,كارنيفال,0365
301,아반떼(AVANTE),Hyundai,أفانت,0366
302,K8,Kia,K8,0367
303,아반떼 Hybrid(AVANTE Hybrid),Hyundai,أفانت هايبرد,0368
304,셀토스,Kia,سيلتوس,0369
305,K5 하이브리드,Kia,K5 هايبرد,0370
306,셀토스,Kia,سيلتوس,0371
307,K5 하이브리드,Kia,K5 هايبرد,0372
308,K3,Kia,K3,0373
309,싼타페(SANTAFE),Hyundai,سانتافيه,0374
310,아반떼(AVANTE),Hyundai,أفانت,0375
311,K5,Kia,K5,0376
312,아반떼 Hybrid(AVANTE Hybrid),Hyundai,أفانت هايبرد,0377
313,K7,Kia,K7,0378
314,셀토스,Kia,سيلتوس,0379
315,쏘렌토 하이브리드,Kia,سورينتو هايبرد,0380
316,아반떼 Hybrid(AVANTE Hybrid),Hyundai,أفانت هايبرد,0381
317,아이오닉5(IONIQ5),Hyundai,أيونيك 5,0382
318,트랙스 1.4,Chevrolet,تراكسي 1.4,0383
319,K8 하이브리드,Kia,K8 هايبرد,0384
320,모하비,Kia,موهافي,0385
321,K7,Kia,K7,0386
322,스파크 1.0,Chevrolet,شيفروليه سبارك 1.0,0387
323,쏘렌토,Kia,سورينتو,0389
324,아반떼(AVANTE),Hyundai,أفانت,0390
325,싼타페(SANTAFE),Hyundai,سانتافيه,0391
326,카니발,Kia,كارنيفال,0392
327,QM6,Renault,رينو QM6,0393
328,니로 하이브리드,Kia,نيرو هايبرد,0394
329,쏘렌토,Kia,سورينتو,0395
330,아반떼(AVANTE),Hyundai,أفانت,0396
331,모하비,Kia,موهافي,0397
332,셀토스,Kia,سيلتوس,0398
333,그랜드 스타렉스(GRAND STAREX),Hyundai,جراند ستاركس,0399
334,쏘나타(SONATA),Hyundai,سوناتا,0400
335,싼타페(SANTAFE),Hyundai,سانتافيه,0401
336,K5 하이브리드,Kia,K5 هايبرد,0402
337,G80,Genesis,G80,0403
338,포터Ⅱ내장탑차 (PORTER Ⅱ),Hyundai,هيونداي بورتير II,0404
339,셀토스,Kia,سيلتوس,0405
340,쏘렌토 하이브리드,Kia,سورينتو هايبرد,0406
341,EV6,Kia,كيا EV6,0410
342,니로 EV,Kia,نيرو EV,0411
343,투싼(TUCSON),Hyundai,توسان,0412
344,카니발,Kia,كارنيفال,0413
345,모하비,Kia,موهافي,0415
346,니로 EV,Kia,نيرو EV,0416
347,아반떼(AVANTE),Hyundai,أفانت,0417
348,그랜저 하이브리드(GRANDEUR HYBRID),Hyundai,جراندور هايبرد,0418
349,쏘렌토,Kia,سورينتو,0420
350,쏘나타 하이브리드 (SONATA HYBRID),Hyundai,سوناتا هايبرد,0421
351,그랜드 스타렉스(GRAND STAREX),Hyundai,جراند ستاركس,0422
352,그랜저 하이브리드(GRANDEUR HYBRID),Hyundai,جراندور هايبرد,0423
353,스포티지,Kia,سبورتاج,0424
354,K5 하이브리드,Kia,K5 هايبرد,0425
355,K9,Kia,K9,0427
356,쏘렌토 하이브리드,Kia,سورينتو هايبرد,0428
357,투싼(TUCSON),Hyundai,توسان,0429
358,코나 일렉트릭 (KONA ELECTRIC),Hyundai,كونا كهربائي,0431
359,레이,Kia,ري,0432
360,QM6,Renault,رينو QM6,0433
361,BMW X5 xDrive40i,BMW,X5 xDrive40i,0434
362,투싼(TUCSON),Hyundai,توسان,0435
363,스포티지,Kia,سبورتاج,0436
364,K5 하이브리드,Kia,K5 هايبرد,0437
365,오토글로벌JS하이리무진,AutoGlobal,أوتو غلوبال JS هاي ليموزين,0438
366,아이오닉5 (IONIQ5),Hyundai,أيونيك 5,0439
367,팰리세이드(PALISADE),Hyundai,باليسايد,0440
368,모닝,Kia,مورنينغ,0441
369,모닝,Kia,مورنينغ,0443
370,아반떼 Hybrid(AVANTE Hybrid),Hyundai,أفانت هايبرد,0444
371,니로 EV,Kia,نيرو EV,0446
372,K9,Kia,K9,0447
373,K7 하이브리드,Kia,K7 هايبرد,0448
374,아반떼(AVANTE),Hyundai,أفانت,0449
375,쏘나타(SONATA),Hyundai,سوناتا,0450
376,GV70,Genesis,GV70,0451
377,K3,Kia,K3,0452
378,XM3,Renault,رينو XM3,0453
379,G90,Genesis,G90,0455
380,그랜저(GRANDEUR),Hyundai,جراندور,0458
381,아반떼(AVANTE),Hyundai,أفانت,0459
382,스포티지,Kia,سبورتاج,0460
383,셀토스,Kia,سيلتوس,0461
384,트랙스 1.6 디젤,Chevrolet,تراكسي,0463
385,코나 일렉트릭 (KONA ELECTRIC),Hyundai,كونا كهربائي,0464
386,스파크 1.0,Chevrolet,شيفروليه سبارك 1.0,0465
387,레이,Kia,ري,0466
388,투싼(TUCSON),Hyundai,توسان,0467
389,아반떼(AVANTE),Hyundai,أفانت,0468
390,투싼(TUCSON),Hyundai,توسان,0469
391,G90,Genesis,G90,0471
392,셀토스,Kia,سيلتوس,0473
393,아반떼(AVANTE),Hyundai,أفانت,0474
394,코나 하이브리드(KONA HYBRID),Hyundai,كونا هايبرد,0476
395,아반떼(AVANTE),Hyundai,أفانت,0477
396,쏘나타(SONATA),Hyundai,سوناتا,0478
397,아이오닉5 (IONIQ5),Hyundai,أيونيك 5,0479
398,아반떼(AVANTE),Hyundai,أفانت,0480
399,쏘렌토,Kia,سورينتو,0482
400,쏘렌토,Kia,سورينتو,0483
401,GV80,Genesis,GV80,0484
402,팰리세이드(PALISADE),Hyundai,باليسايد,0485
403,아반떼(AVANTE),Hyundai,أفانت,0487
404,베뉴(VENUE),Hyundai,فينيو,0488
405,코나 하이브리드(KONA HYBRID),Hyundai,كونا هايبرد,0491
406,GV80,Genesis,GV80,0492
407,트랙스 1.4,Chevrolet,تراكسي 1.4,0495
408,코나 일렉트릭 (KONA ELECTRIC),Hyundai,كونا كهربائي,0496
409,카니발,Kia,كارنيفال,0497
410,MINI Cooper Clubman(17 18 19),MINI,ميني كوبر كلوبمان (17 18 19),0500
411,쏘나타(SONATA),Hyundai,سوناتا,0501
412,아반떼(AVANTE),Hyundai,أفانت,0502
413,니로 EV,Kia,نيرو EV,0503
414,G90,Genesis,G90,0504
415,아반떼(AVANTE),Hyundai,أفانت,0505
416,니로 EV,Kia,نيرو EV,0506
417,카니발,Kia,كارنيفال,0507
418,GV80,Genesis,GV80,0508
419,카니발,Kia,كارنيفال,0509
420,스파크 1.0,Chevrolet,شيفروليه سبارك 1.0,0510
421,아반떼(AVANTE),Hyundai,أفانت,0512
422,모닝,Kia,مورنينغ,0513
423,카니발,Kia,كارنيفال,0515
424,셀토스,Kia,سيلتوس,0516
425,싼타페(SANTAFE),Hyundai,سانتافيه,0517
426,K5 하이브리드,Kia,K5 هايبرد,0518
427,코나 하이브리드(KONA HYBRID),Hyundai,كونا هايبرد,0519
428,모닝,Kia,مورنينغ,0520
429,아반떼(AVANTE),Hyundai,أفانت,0521
430,쏘렌토,Kia,سورينتو,0522
431,포터Ⅱ (PORTERⅡ),Hyundai,بورتير Ⅱ,0524
432,K7,Kia,K7,0525
433,모닝,Kia,مورنينغ,0526
434,스파크 1.0,Chevrolet,شيفروليه سبارك 1.0,0527
435,스포티지,Kia,سبورتاج,0528
436,코나 하이브리드(KONA HYBRID),Hyundai,كونا هايبرد,0529
437,스포티지,Kia,سبورتاج,0530
438,그랜저(GRANDEUR),Hyundai,جراندور,0533
439,G80,Genesis,G80,0535
440,K5,Kia,K5,0536
441,스포티지,Kia,سبورتاج,0538
442,아반떼(AVANTE),Hyundai,أفانت,0540
443,쏘나타 하이브리드 (SONATA HYBRID),Hyundai,سوناتا هايبرد,0541
444,아반떼 Hybrid(AVANTE Hybrid),Hyundai,أفانت هايبرد,0542
445,K3,Kia,K3,0543
446,EV6,Kia,كيا EV6,0544
447,니로 EV,Kia,نيرو EV,0546
448,베뉴(VENUE),Hyundai,فينيو,0547
449,싼타페(SANTAFE),Hyundai,سانتافيه,0548
450,아반떼(AVANTE),Hyundai,أفانت,0549
451,그랜저 하이브리드(GRANDEUR HYBRID),Hyundai,جراندور هايبرد,0550
452,아반떼(AVANTE),Hyundai,أفانت,0551
453,모닝,Kia,مورنينغ,0552
454,스파크 1.0,Chevrolet,شيفروليه سبارك 1.0,0553
455,그랜저(GRANDEUR),Hyundai,جراندور,0555
456,K5 하이브리드,Kia,K5 هايبرد,0556
457,셀토스,Kia,سيلتوس,0558
458,스파크 1.0,Chevrolet,شيفروليه سبارك 1.0,0560
459,아반떼(AVANTE),Hyundai,أفانت,0562
460,그랜저(GRANDEUR),Hyundai,جراندور,0563
461,셀토스,Kia,سيلتوس,0564
462,니로 EV,Kia,نيرو EV,0565
463,아반떼(AVANTE),Hyundai,أفانت,0566
464,아반떼 Hybrid(AVANTE Hybrid),Hyundai,أفانت هايبرد,0568
465,베뉴(VENUE),Hyundai,فينيو,0569
466,니로 EV,Kia,نيرو EV,0570
467,K3,Kia,K3,0571
468,니로 EV,Kia,نيرو EV,0572
469,베뉴(VENUE),Hyundai,فينيو,0573
470,쏘나타(SONATA),Hyundai,سوناتا,0574
471,아반떼(AVANTE),Hyundai,أفانت,0575
472,포터Ⅱ (PORTERⅡ),Hyundai,بورتير Ⅱ,0576
473,코나 하이브리드(KONA HYBRID),Hyundai,كونا هايبرد,0577
474,MINI Cooper SE,MINI,ميني كوبر SE,0579
475,포터Ⅱ (PORTERⅡ),Hyundai,بورتير Ⅱ,0580
476,코나 하이브리드(KONA HYBRID),Hyundai,كونا هايبرد,0581
477,그랜저(GRANDEUR),Hyundai,جراندور,0582
478,베뉴(VENUE),Hyundai,فينيو,0583
479,쏘렌토 하이브리드,Kia,سورينتو هايبرد,0584
480,셀토스,Kia,سيلتوس,0585
481,그랜저(GRANDEUR),Hyundai,جراندور,0586
482,아반떼(AVANTE),Hyundai,أفانت,0587
483,스포티지,Kia,سبورتاج,0588
484,아이오닉5 (IONIQ5),Hyundai,أيونيك 5,0589
485,아반떼 Hybrid(AVANTE Hybrid),Hyundai,أفانت هايبرد,0590
486,니로 EV,Kia,نيرو EV,0591
487,G80,Genesis,G80,0592
488,아반떼(AVANTE),Hyundai,أفانت,0593
489,베뉴(VENUE),Hyundai,فينيو,0595
490,코나 하이브리드(KONA HYBRID),Hyundai,كونا هايبرد,0596
491,K8,Kia,K8,0597
492,레이,Kia,ري,0598
493,쏘렌토 하이브리드,Kia,سورينتو هايبرد,0599
494,카니발,Kia,كارنيفال,0600
495,K5 하이브리드,Kia,K5 هايبرد,0601
496,코나 하이브리드(KONA HYBRID),Hyundai,كونا هايبرد,0602
497,아반떼(AVANTE),Hyundai,أفانت,0603
498,EV6,Kia,كيا EV6,0604
499,카니발,Kia,كارنيفال,0605
500,싼타페(SANTAFE),Hyundai,سانتافيه,0606
501,QM6,Renault,رينو QM6,0607
502,아반떼(AVANTE),Hyundai,أفانت,0608
503,포터Ⅱ (PORTERⅡ),Hyundai,بورتير Ⅱ,0609
504,모닝,Kia,مورنينغ,0611
505,베뉴(VENUE),Hyundai,فينيو,0612
506,아반떼(AVANTE),Hyundai,أفانت,0613
507,K3,Kia,K3,0614
508,모닝,Kia,مورنينغ,0615
509,코나 하이브리드(KONA HYBRID),Hyundai,كونا هايبرد,0616
510,G80,Genesis,G80,0617
511,팰리세이드(PALISADE),Hyundai,باليسايد,0618
512,봉고Ⅲ 1톤,Kia,بونغو III ,0619
513,셀토스,Kia,سيلتوس,0620
514,그랜저(GRANDEUR),Hyundai,جراندور,0621
515,코나 하이브리드(KONA HYBRID),Hyundai,كونا هايبرد,0622
516,아반떼 Hybrid(AVANTE Hybrid),Hyundai,أفانت هايبرد,0623
517,Mercedes-Benz E220 d 4MATIC,Mercedes,E220 d 4MATIC,0624
518,아반떼(AVANTE),Hyundai,أفانت,0625
519,코나 하이브리드(KONA HYBRID),Hyundai,كونا هايبرد,0626
520,모닝,Kia,مورنينغ,0627
521,아반떼(AVANTE),Hyundai,أفانت,0628
522,코나 하이브리드(KONA HYBRID),Hyundai,كونا هايبرد,0629
523,아반떼(AVANTE),Hyundai,أفانت,0630
524,코나 일렉트릭 (KONA ELECTRIC),Hyundai,كونا كهربائي,0632
525,싼타페(SANTAFE),Hyundai,سانتافيه,0633
526,K5,Kia,K5,0634
527,아반떼(AVANTE),Hyundai,أفانت,0635
528,아반떼(AVANTE),Hyundai,أفانت,0636
529,티볼리,SsangYong,تيفولي,0637
530,아반떼(AVANTE),Hyundai,أفانت,0639
531,코나 하이브리드(KONA HYBRID),Hyundai,كونا هايبرد,0641
532,셀토스,Kia,سيلتوس,0642
533,코나 하이브리드(KONA HYBRID),Hyundai,كونا هايبرد,0643
534,모닝,Kia,مورنينغ,0644
535,코나 하이브리드(KONA HYBRID),Hyundai,كونا هايبرد,0645
536,아반떼 Hybrid(AVANTE Hybrid),Hyundai,أفانت هايبرد,0646
537,모닝,Kia,مورنينغ,0647
538,K5 하이브리드,Kia,K5 هايبرد,0648
539,코나 하이브리드(KONA HYBRID),Hyundai,كونا هايبرد,0649
540,K3,Kia,K3,0650
541,카니발,Kia,كارنيفال,0651
542,아반떼(AVANTE),Hyundai,أفانت,0652
543,K5 하이브리드,Kia,K5 هايبرد,0653
544,아반떼(AVANTE),Hyundai,أفانت,0654
545,K8 하이브리드,Kia,K8 هايبرد,0655
546,베뉴(VENUE),Hyundai,فينيو,0656
547,모닝,Kia,مورنينغ,0657
548,니로 EV,Kia,نيرو EV,0658
549,쏘렌토,Kia,سورينتو,0659
550,셀토스,Kia,سيلتوس,0661
551,K3,Kia,K3,0662
552,BMW 520i,BMW,520i,0663
553,코나 하이브리드(KONA HYBRID),Hyundai,كونا هايبرد,0664
554,K7,Kia,K7,0665
555,코나 하이브리드(KONA HYBRID),Hyundai,كونا هايبرد,0666
556,아이오닉5 (IONIQ5),Hyundai,أيونيك 5,0667
557,코나 하이브리드(KONA HYBRID),Hyundai,كونا هايبرد,0668
558,G80,Genesis,G80,0669
559,K5 하이브리드,Kia,K5 هايبرد,0670
560,EV6,Kia,كيا EV6,0671
561,아반떼(AVANTE),Hyundai,أفانت,0672
562,모하비,Kia,موهافي,0673
563,아반떼(AVANTE),Hyundai,أفانت,0674
564,니로 EV,Kia,نيرو EV,0675
565,니로 EV,Kia,نيرو EV,0677
566,K5,Kia,K5,0678
567,G90,Genesis,G90,0679
568,카니발,Kia,كارنيفال,0681
569,코나 하이브리드(KONA HYBRID),Hyundai,كونا هايبرد,0683
570,셀토스,Kia,سيلتوس,0684
571,아반떼(AVANTE),Hyundai,أفانت,0685
572,싼타페(SANTAFE),Hyundai,سانتافيه,0687
573,셀토스,Kia,سيلتوس,0688
574,K8,Kia,K8,0689
575,아반떼(AVANTE),Hyundai,أفانت,0691
576,쏘렌토,Kia,سورينتو,0694
577,모닝,Kia,مورنينغ,0695
578,그랜저(GRANDEUR),Hyundai,جراندور,0696
579,티볼리,SsangYong,تيفولي,0697
580,GV80,Genesis,GV80,0698
581,GV70,Genesis,GV70,0699
582,아반떼(AVANTE),Hyundai,أفانت,0700
583,니로 EV,Kia,نيرو EV,0701
584,K5 하이브리드,Kia,K5 هايبرد,0703
585,셀토스,Kia,سيلتوس,0704
586,아반떼(AVANTE),Hyundai,أفانت,0705
587,카니발,Kia,كارنيفال,0706
588,쏘나타(SONATA),Hyundai,سوناتا,0707
589,코나 하이브리드(KONA HYBRID),Hyundai,كونا هايبرد,0708
590,싼타페(SANTAFE),Hyundai,سانتافيه,0709
591,스파크 1.0,Chevrolet,شيفروليه سبارك 1.0,0710
592,말리부 2.0 TURBO,Chevrolet,ماليبو 2.0 تيربو,0711
593,아반떼 Hybrid(AVANTE Hybrid),Hyundai,أفانت هايبرد,0712
594,K3,Kia,K3,0713
595,K3,Kia,K3,0714
596,SM6,Renault,SM6,0715
597,GV80,Genesis,GV80,0716
598,K3,Kia,K3,0717
599,아반떼(AVANTE),Hyundai,أفانت,0718
600,QM6,Renault,رينو QM6,0719
601,아반떼 Hybrid(AVANTE Hybrid),Hyundai,أفانت هايبرد,0721
602,그랜드 스타렉스(GRAND STAREX),Hyundai,جراند ستاركس,0722
603,쏘나타(SONATA),Hyundai,سوناتا,0725
604,K7 하이브리드,Kia,K7 هايبرد,0726
605,K3,Kia,K3,0727
606,코나 하이브리드(KONA HYBRID),Hyundai,كونا هايبرد,0728
607,코나 하이브리드(KONA HYBRID),Hyundai,كونا هايبرد,0730
608,포터Ⅱ (PORTERⅡ),Hyundai,بورتير Ⅱ,0731
609,스포티지,Kia,سبورتاج,0732
610,모닝,Kia,مورنينغ,0733
611,스파크 1.0,Chevrolet,شيفروليه سبارك 1.0,0734
612,팰리세이드(PALISADE),Hyundai,باليسايد,0735
613,XM3,Renault,رينو XM3,0736
614,싼타페(SANTAFE),Hyundai,سانتافيه,0738
615,스타리아 (STARIA),Hyundai,ستاريا,0740
616,그랜드 스타렉스(GRAND STAREX),Hyundai,جراند ستاركس,0741
617,쏘렌토,Kia,سورينتو,0742
618,아반떼(AVANTE),Hyundai,أفانت,0743
619,아반떼 Hybrid(AVANTE Hybrid),Hyundai,أفانت هايبرد,0744
620,모닝,Kia,مورنينغ,0745
621,셀토스,Kia,سيلتوس,0746
622,모닝,Kia,مورنينغ,0747
623,쏘나타(SONATA),Hyundai,سوناتا,0748
624,레이,Kia,ري,0749
625,아이오닉 하이브리드(IONIQ HYBRID),Hyundai,أيونيك هايبرد,0750
626,쏘렌토,Kia,سورينتو,0751
627,그랜드 스타렉스(GRAND STAREX),Hyundai,جراند ستاركس,0752
628,모닝,Kia,مورنينغ,0753
629,K3,Kia,K3,0754
630,코나 하이브리드(KONA HYBRID),Hyundai,كونا هايبرد,0755
631,셀토스,Kia,سيلتوس,0756
632,포터Ⅱ (PORTERⅡ),Hyundai,بورتير Ⅱ,0757
633,티볼리,SsangYong,تيفولي,0758
634,카니발,Kia,كارنيفال,0759
635,셀토스,Kia,سيلتوس,0760
636,아반떼(AVANTE),Hyundai,أفانت,0761
637,스파크 1.0,Chevrolet,شيفروليه سبارك 1.0,0763
638,그랜드 스타렉스(GRAND STAREX),Hyundai,جراند ستاركس,0765
639,모닝,Kia,مورنينغ,0766
640,아반떼(AVANTE),Hyundai,أفانت,0767
641,베뉴(VENUE),Hyundai,فينيو,0768
642,셀토스,Kia,سيلتوس,0769
643,XM3,Renault,رينو XM3,0770
644,아반떼(AVANTE),Hyundai,أفانت,0771
645,베뉴(VENUE),Hyundai,فينيو,0772
646,K3,Kia,K3,0773
647,모닝,Kia,مورنينغ,0774
648,니로 하이브리드,Kia,نيرو هايبرد,0775
649,투싼(TUCSON),Hyundai,توسان,0776
650,카니발 하이리무진,Kia,كارنيفال,0777
651,코나 하이브리드(KONA HYBRID),Hyundai,كونا هايبرد,0778
652,그랜드 스타렉스(GRAND STAREX),Hyundai,جراند ستاركس,0779
653,모닝,Kia,مورنينغ,0780
654,쏘나타(SONATA),Hyundai,سوناتا,0781
655,쏘렌토,Kia,سورينتو,0782
656,스포티지,Kia,سبورتاج,0783
657,베뉴(VENUE),Hyundai,فينيو,0784
658,카니발,Kia,كارنيفال,0785
659,K3,Kia,K3,0786
660,포터Ⅱ (PORTERⅡ),Hyundai,بورتير Ⅱ,0787
661,아반떼 Hybrid(AVANTE Hybrid),Hyundai,أفانت هايبرد,0789
662,니로 EV,Kia,نيرو EV,0790
663,팰리세이드(PALISADE),Hyundai,باليسايد,0791
664,쏘나타(SONATA),Hyundai,سوناتا,0792
665,K5 하이브리드,Kia,K5 هايبرد,0793
666,쏘렌토,Kia,سورينتو,0794
667,스포티지 하이브리드,Kia,سبورتاج هايبرد,0795
668,아반떼(AVANTE),Hyundai,أفانت,0796
669,아이오닉5 (IONIQ5),Hyundai,أيونيك 5,0797
670,GV70,Genesis,GV70,0798
671,그랜저(GRANDEUR),Hyundai,جراندور,0799
672,아반떼 Hybrid(AVANTE Hybrid),Hyundai,أفانت هايبرد,0800
673,K9,Kia,K9,0801
674,니로 EV,Kia,نيرو EV,0803
675,그랜저(GRANDEUR),Hyundai,جراندور,0804
676,쏘나타(SONATA),Hyundai,سوناتا,0805
677,아이오닉5 (IONIQ5),Hyundai,أيونيك 5,0809
678,싼타페(SANTAFE),Hyundai,سانتافيه,0810
679,쏘렌토,Kia,سورينتو,0811
680,쏘나타(SONATA),Hyundai,سوناتا,0812
681,아이오닉5 (IONIQ5),Hyundai,أيونيك 5,0813
682,팰리세이드(PALISADE),Hyundai,باليسايد,0001
683,K5,Kia,K5,0002
684,쏘렌토,Kia,سورينتو,0003
685,니로 EV,Kia,نيرو EV,0004
686,아반떼 Hybrid(AVANTE Hybrid),Hyundai,أفانت هايبرد,0006
687,EV6,Kia,كيا EV6,0007
688,카니발,Kia,كارنيفال,0008
689,EV6,Kia,كيا EV6,0009
690,쏘렌토 하이브리드,Kia,سورينتو هايبرد,0011
691,K5,Kia,K5,0012
692,K3,Kia,K3,0013
693,G90,Genesis,G90,0014
694,K5 하이브리드,Kia,K5 هايبرد,0015
695,셀토스,Kia,سيلتوس,0016
696,쏘렌토,Kia,سورينتو,0018
697,모닝,Kia,مورنينغ,0019
698,니로 EV,Kia,نيرو EV,0020
699,아반떼(AVANTE),Hyundai,أفانت,0021
700,팰리세이드(PALISADE),Hyundai,باليسايد,0022
701,트레일블레이저 1.35 TURBO FWD,Chevrolet,تريل بليزر 1.35 تيربو FWD,0023
702,아반떼(AVANTE),Hyundai,أفانت,0024
703,K5 하이브리드,Kia,K5 هايبرد,0025
704,스포티지,Kia,سبورتاج,0027
705,쏘렌토 하이브리드,Kia,سورينتو هايبرد,0028
706,G80,Genesis,G80,0029
707,그랜저 하이브리드(GRANDEUR HYBRID),Hyundai,جراندور هايبرد,0030
708,아이오닉 하이브리드(IONIQ HYBRID),Hyundai,أيونيك هايبرد,0032
709,아반떼(AVANTE),Hyundai,أفانت,0033
710,카니발,Kia,كارنيفال,0034
711,트레일블레이저 1.35 TURBO FWD,Chevrolet,تريل بليزر 1.35 تيربو FWD,0035
712,아반떼(AVANTE),Hyundai,أفانت,0036
713,아반떼(AVANTE),Hyundai,أفانت,0038
714,코나 일렉트릭 (KONA ELECTRIC),Hyundai,كونا كهربائي,0039
715,투싼(TUCSON),Hyundai,توسان,0040
716,아이오닉5 (IONIQ5),Hyundai,أيونيك 5,0813
717,티볼리,SsangYong,تيفولي,0814
718,쏘나타(SONATA),Hyundai,سوناتا,0815
719,셀토스,Kia,سيلتوس,0816
720,쏘나타(SONATA),Hyundai,سوناتا,0817
721,G70,Genesis,G70,0819
722,코나 하이브리드(KONA HYBRID),Hyundai,كونا هايبرد,0821
723,니로 EV,Kia,نيرو EV,0822
724,그랜저(GRANDEUR),Hyundai,جراندور,0823
725,카니발,Kia,كارنيفال,0824
726,그랜드 스타렉스(GRAND STAREX),Hyundai,جراند ستاركس,0825
727,그랜저 하이브리드(GRANDEUR HYBRID),Hyundai,جراندور هايبرد,0826
728,아반떼(AVANTE),Hyundai,أفانت,0827
729,K5,Kia,K5,0828
730,G80,Genesis,G80,0829
731,K5,Kia,K5,0831
732,아반떼 Hybrid(AVANTE Hybrid),Hyundai,أفانت هايبرد,0832
733,쏘나타 하이브리드 (SONATA HYBRID),Hyundai,سوناتا هايبرد,0833
734,모닝,Kia,مورنينغ,0834
735,아반떼(AVANTE),Hyundai,أفانت,0835
736,모닝,Kia,مورنينغ,0836
737,베뉴(VENUE),Hyundai,فينيو,0837
738,코나 일렉트릭 (KONA ELECTRIC),Hyundai,كونا كهربائي,0839
739,레이,Kia,ري,0840
740,코나 하이브리드(KONA HYBRID),Hyundai,كونا هايبرد,0841
741,GV80,Genesis,GV80,0842
742,그랜저(GRANDEUR),Hyundai,جراندور,0843
743,G80,Genesis,G80,0844
744,코나 일렉트릭 (KONA ELECTRIC),Hyundai,كونا كهربائي,0845
745,카니발,Kia,كارنيفال,0847
746,QM6,Renault,رينو QM6,0848
747,코나 하이브리드(KONA HYBRID),Hyundai,كونا هايبرد,0851
748,모닝,Kia,مورنينغ,0852
749,K5,Kia,K5,0854
750,셀토스,Kia,سيلتوس,0855
751,그랜드 스타렉스(GRAND STAREX),Hyundai,جراند ستاركس,0857
752,K5 하이브리드,Kia,K5 هايبرد,0858
753,셀토스,Kia,سيلتوس,0859
754,카니발,Kia,كارنيفال,0860
755,쏘나타(SONATA),Hyundai,سوناتا,0861
756,코나 하이브리드(KONA HYBRID),Hyundai,كونا هايبرد,0862
757,팰리세이드(PALISADE),Hyundai,باليسايد,0863
758,K8,Kia,K8,0864
759,코나 하이브리드(KONA HYBRID),Hyundai,كونا هايبرد,0865
760,아반떼(AVANTE),Hyundai,أفانت,0866
761,티볼리,SsangYong,تيفولي,0868
762,EV6,Kia,كيا EV6,0870
763,K7,Kia,K7,0871
764,그랜저(GRANDEUR),Hyundai,جراندور,0872
765,G80,Genesis,G80,0873
766,K8,Kia,K8,0874
767,그랜저(GRANDEUR),Hyundai,جراندور,0875
768,아이오닉 하이브리드(IONIQ HYBRID),Hyundai,أيونيك هايبرد,0876
769,모닝,Kia,مورنينغ,0877
770,셀토스,Kia,سيلتوس,0878
771,모닝,Kia,مورنينغ,0879
772,QM6,Renault,رينو QM6,0882
773,아반떼(AVANTE),Hyundai,أفانت,0883
774,그랜저(GRANDEUR),Hyundai,جراندور,0884
775,아반떼(AVANTE),Hyundai,أفانت,0885
776,그랜드 스타렉스(GRAND STAREX),Hyundai,جراند ستاركس,0886
777,쏘렌토,Kia,سورينتو,0887
778,코나 일렉트릭 (KONA ELECTRIC),Hyundai,كونا كهربائي,0888
779,카니발,Kia,كارنيفال,0889
780,쏘렌토,Kia,سورينتو,0890
781,모닝,Kia,مورنينغ,0891
782,카니발,Kia,كارنيفال,0892
783,아반떼(AVANTE),Hyundai,أفانت,0893
784,K5 하이브리드,Kia,K5 هايبرد,0894
785,싼타페(SANTAFE),Hyundai,سانتافيه,0895
786,코나 일렉트릭 (KONA ELECTRIC),Hyundai,كونا كهربائي,0897
787,그랜드 스타렉스(GRAND STAREX),Hyundai,جراند ستاركس,0898
788,그랜저(GRANDEUR),Hyundai,جراندور,0899
789,K5 하이브리드,Kia,K5 هايبرد,0900
790,아반떼 Hybrid(AVANTE Hybrid),Hyundai,أفانت هايبرد,0902
791,쏘렌토,Kia,سورينتو,0903
792,니로 하이브리드,Kia,نيرو هايبرد,0904
793,EV6,Kia,كيا EV6,0905
794,아이오닉5(IONIQ5),Hyundai,أيونيك 5,0906
795,그랜저 하이브리드(GRANDEUR HYBRID),Hyundai,جراندور هايبرد,0907
796,K5,Kia,K5,0908
797,아반떼(AVANTE),Hyundai,أفانت,0909
798,스포티지,Kia,سبورتاج,0910
799,아반떼(AVANTE),Hyundai,أفانت,0911
800,코나 하이브리드(KONA HYBRID),Hyundai,كونا هايبرد,0912
801,쏘나타(SONATA),Hyundai,سوناتا,0914
802,아반떼(AVANTE),Hyundai,أفانت,0915
803,K5,Kia,K5,0916
804,GV70,Genesis,GV70,0917
805,포터Ⅱ (PORTERⅡ),Hyundai,بورتير Ⅱ,0918
806,스파크 1.0,Chevrolet,شيفروليه سبارك 1.0,0919
807,G90,Genesis,G90,0920
808,모닝,Kia,مورنينغ,0921
809,아반떼(AVANTE),Hyundai,أفانت,0922
810,G80,Genesis,G80,0923
811,티볼리,SsangYong,تيفولي,0924
812,모닝,Kia,مورنينغ,0925
813,아반떼(AVANTE),Hyundai,أفانت,0926
814,코나 하이브리드(KONA HYBRID),Hyundai,كونا هايبرد,0927
815,아반떼(AVANTE),Hyundai,أفانت,0928
816,그랜저(GRANDEUR),Hyundai,جراندور,0929
817,카니발,Kia,كارنيفال,0932
818,셀토스,Kia,سيلتوس,0933
819,GV80,Genesis,GV80,0934
820,싼타페(SANTAFE),Hyundai,سانتافيه,0935
821,아반떼(AVANTE),Hyundai,أفانت,0936
822,투싼(TUCSON),Hyundai,توسان,0937
823,아반떼(AVANTE),Hyundai,أفانت,0938
824,티볼리,SsangYong,تيفولي,0939
825,아반떼(AVANTE),Hyundai,أفانت,0940
826,투싼(TUCSON),Hyundai,توسان,0941
827,그랜저(GRANDEUR),Hyundai,جراندور,0943
828,G80,Genesis,G80,0944
829,GV80,Genesis,GV80,0945
830,싼타페(SANTAFE),Hyundai,سانتافيه,0946
831,그랜저(GRANDEUR),Hyundai,جراندور,0949
832,모하비,Kia,موهافي,0951
833,모닝,Kia,مورنينغ,0952
834,벤츠 E220 d 4MATIC,Mercedes,E220 d 4MATIC,0953
835,아반떼 Hybrid(AVANTE Hybrid),Hyundai,أفانت هايبرد,0955
836,그랜저(GRANDEUR),Hyundai,جراندور,0956
837,아반떼(AVANTE),Hyundai,أفانت,0957
838,카니발,Kia,كارنيفال,0958
839,아반떼(AVANTE),Hyundai,أفانت,0959
840,아반떼(AVANTE),Hyundai,أفانت,0960
841,그랜저(GRANDEUR),Hyundai,جراندور,0961
842,아반떼(AVANTE),Hyundai,أفانت,0962
843,아반떼(AVANTE),Hyundai,أفانت,0964
844,K5 하이브리드,Kia,K5 هايبرد,0965
845,싼타페(SANTAFE),Hyundai,سانتافيه,0966
846,K5 하이브리드,Kia,K5 هايبرد,0967
847,싼타페 하이브리드(SANTAFE HYBRID),Hyundai,سانتافيه هايبرد,0968
848,싼타페(SANTAFE),Hyundai,سانتافيه,0969
849,스파크 1.0,Chevrolet,شيفروليه سبارك 1.0,0970
850,셀토스,Kia,سيلتوس,0972
851,아반떼(AVANTE),Hyundai,أفانت,0973
852,코나 하이브리드(KONA HYBRID),Hyundai,كونا هايبرد,0974
853,셀토스,Kia,سيلتوس,0975
854,쏘렌토,Kia,سورينتو,0976
855,K3,Kia,K3,0977
856,QM6,Renault,رينو QM6,0980
857,카니발,Kia,كارنيفال,0981
858,아반떼(AVANTE),Hyundai,أفانت,0982
859,그랜저(GRANDEUR),Hyundai,جراندور,0983
860,벤츠 E220 d 4MATIC,Mercedes,E220 d 4MATIC,0984
861,K5 하이브리드,Kia,K5 هايبرد,0985
862,GV80,Genesis,GV80,0986
863,쏘나타 하이브리드 (SONATA HYBRID),Hyundai,سوناتا هايبرد,0987
864,카니발,Kia,كارنيفال,0988
865,K3,Kia,K3,0990
866,카니발,Kia,كارنيفال,0992
867,아반떼(AVANTE),Hyundai,أفانت,0993
868,티볼리,SsangYong,تيفولي,0994
869,레이,Kia,ري,0995
870,아반떼(AVANTE),Hyundai,أفانت,0996
871,포터Ⅱ (PORTERⅡ),Hyundai,بورتير Ⅱ,0997
872,아반떼(AVANTE),Hyundai,أفانت,0998
873,G80,Genesis,G80,0999
874,모닝,Kia,مورنينغ,1000
875,아반떼(AVANTE),Hyundai,أفانت,1001
876,트레일블레이저 1.35 TURBO FWD,Chevrolet,تريل بليزر 1.35 تيربو FWD,1002
877,아반떼(AVANTE),Hyundai,أفانت,1003
878,코나 일렉트릭 (KONA ELECTRIC),Hyundai,كونا كهربائي,1004
879,카니발,Kia,كارنيفال,1005
880,아반떼(AVANTE),Hyundai,أفانت,1006
881,아반떼(AVANTE),Hyundai,أفانت,1008
882,스포티지,Kia,سبورتاج,1009
883,아반떼(AVANTE),Hyundai,أفانت,1010
884,카니발,Kia,كارنيفال,1011
885,쏘렌토,Kia,سورينتو,1012
886,아반떼(AVANTE),Hyundai,أفانت,1013
887,티볼리,SsangYong,تيفولي,1014
888,K8 하이브리드,Kia,K8 هايبرد,1016
889,아반떼(AVANTE),Hyundai,أفانت,1017
890,투싼(TUCSON),Hyundai,توسان,1018
891,모닝,Kia,مورنينغ,1019
892,아반떼(AVANTE),Hyundai,أفانت,1020
893,모닝,Kia,مورنينغ,1021
894,아반떼 Hybrid(AVANTE Hybrid),Hyundai,أفانت هايبرد,1022
895,카니발,Kia,كارنيفال,1023
896,카니발,Kia,كارنيفال,1024
897,K5 하이브리드,Kia,K5 هايبرد,1025
898,셀토스,Kia,سيلتوس,1026
899,아반떼(AVANTE),Hyundai,أفانت,1027
900,셀토스,Kia,سيلتوس,1029
901,아반떼(AVANTE),Hyundai,أفانت,1030
902,아반떼(AVANTE),Hyundai,أفانت,1032
903,셀토스,Kia,سيلتوس,1035
904,카니발,Kia,كارنيفال,1036
905,셀토스,Kia,سيلتوس,1037
906,쏘나타(SONATA),Hyundai,سوناتا,1038
907,카니발,Kia,كارنيفال,1039
908,아반떼 Hybrid(AVANTE Hybrid),Hyundai,أفانت هايبرد,1040
909,그랜저(GRANDEUR),Hyundai,جراندور,1041
910,코나 하이브리드(KONA HYBRID),Hyundai,كونا هايبرد,1042
911,모닝,Kia,مورنينغ,1043
912,그랜저(GRANDEUR),Hyundai,جراندور,1045
913,모닝,Kia,مورنينغ,1046
914,QM6,Renault,رينو QM6,1047
915,쏘렌토,Kia,سورينتو,1048
916,트랙스 1.4,Chevrolet,تراكسي 1.4,1049
917,쏘렌토,Kia,سورينتو,1050
918,K5 하이브리드,Kia,K5 هايبرد,1051
919,그랜저(GRANDEUR),Hyundai,جراندور,1052
920,쏘나타(SONATA),Hyundai,سوناتا,1053
921,쏘나타(SONATA),Hyundai,سوناتا,1055
922,그랜저(GRANDEUR),Hyundai,جراندور,1056
923,아반떼(AVANTE),Hyundai,أفانت,1057
924,그랜저(GRANDEUR),Hyundai,جراندور,1058
925,쏘나타(SONATA),Hyundai,سوناتا,1059
926,아반떼(AVANTE),Hyundai,أفانت,1060
927,아반떼 Hybrid(AVANTE Hybrid),Hyundai,أفانت هايبرد,1062
928,아반떼(AVANTE),Hyundai,أفانت,1064
929,카니발,Kia,كارنيفال,1065
930,Model Y Long Range,Tesla,موديل Y,1066
931,코나 하이브리드(KONA HYBRID),Hyundai,كونا هايبرد,1067
932,K3,Kia,K3,1068
933,셀토스,Kia,سيلتوس,1069
934,CHEVROLET BOLT EV,Chevrolet,بولت EV,1070
935,스포티지,Kia,سبورتاج,1071
936,아반떼(AVANTE),Hyundai,أفانت,1072
937,EV6,Kia,كيا EV6,1073
938,K5,Kia,K5,1074
939,아반떼 Hybrid(AVANTE Hybrid),Hyundai,أفانت هايبرد,1075
940,카니발,Kia,كارنيفال,1076
941,아반떼(AVANTE),Hyundai,أفانت,1078
942,카니발,Kia,كارنيفال,1079
943,모닝,Kia,مورنينغ,1080
944,아이오닉5 (IONIQ5),Hyundai,أيونيك 5,1082
945,아반떼(AVANTE),Hyundai,أفانت,1083
946,아이오닉5 (IONIQ5),Hyundai,أيونيك 5,1085
947,아반떼(AVANTE),Hyundai,أفانت,1086
948,카니발,Kia,كارنيفال,1088
949,XM3,Renault,رينو XM3,1089
950,아반떼(AVANTE),Hyundai,أفانت,1090
951,코나 하이브리드(KONA HYBRID),Hyundai,كونا هايبرد,1091
952,아반떼(AVANTE),Hyundai,أفانت,1092
953,K9,Kia,K9,1093
954,그랜저 하이브리드(GRANDEUR HYBRID),Hyundai,جراندور هايبرد,1094
955,니로 EV,Kia,نيرو EV,1095
956,코나 하이브리드(KONA HYBRID),Hyundai,كونا هايبرد,1096
957,아반떼 Hybrid(AVANTE Hybrid),Hyundai,أفانت هايبرد,1097
958,K3,Kia,K3,1098
959,아반떼(AVANTE),Hyundai,أفانت,1099
960,쏘나타(SONATA),Hyundai,سوناتا,1101
961,코나 하이브리드(KONA HYBRID),Hyundai,كونا هايبرد,1104
962,코나 하이브리드(KONA HYBRID),Hyundai,كونا هايبرد,1106
963,봉고Ⅲ 1톤,Kia,بونغو III ,1108
964,QM6,Renault,رينو QM6,1109
965,봉고Ⅲ 1톤,Kia,بونغو III ,1110
966,짚 랭글러 사하라,Jeep,رانجلر صحارى,1111
967,봉고Ⅲ 1톤,Kia,بونغو III ,1112
968,K5 하이브리드,Kia,K5 هايبرد,1115
969,카니발,Kia,كارنيفال,1116
970,봉고Ⅲ 1톤,Kia,بونغو III ,1117
971,그랜저 하이브리드(GRANDEUR HYBRID),Hyundai,جراندور هايبرد,1118
972,모닝,Kia,مورنينغ,1119
973,G90,Genesis,G90,1120
974,그랜저 하이브리드(GRANDEUR HYBRID),Hyundai,جراندور هايبرد,1121
975,G90,Genesis,G90,1122
976,쏘나타(SONATA),Hyundai,سوناتا,1123
977,아반떼(AVANTE),Hyundai,أفانت,1126
978,그랜저(GRANDEUR),Hyundai,جراندور,1127
979,EV6,Kia,كيا EV6,1128
980,쏘렌토,Kia,سورينتو,1129
981,티볼리,SsangYong,تيفولي,1130
982,아반떼 Hybrid(AVANTE Hybrid),Hyundai,أفانت هايبرد,1131
983,K5 하이브리드,Kia,K5 هايبرد,1132
984,아반떼(AVANTE),Hyundai,أفانت,1133
985,모닝,Kia,مورنينغ,1136
986,EV6,Kia,كيا EV6,1137
987,K8,Kia,K8,1138
988,코나 하이브리드(KONA HYBRID),Hyundai,كونا هايبرد,1139
989,쏘렌토 하이브리드,Kia,سورينتو هايبرد,1140
990,코나 하이브리드(KONA HYBRID),Hyundai,كونا هايبرد,1141
991,쏘나타(SONATA),Hyundai,سوناتا,1142
992,셀토스,Kia,سيلتوس,1143
993,K3,Kia,K3,1144
994,아반떼(AVANTE),Hyundai,أفانت,1145
995,트랙스 1.4,Chevrolet,تراكسي 1.4,1146
996,모하비,Kia,موهافي,1147
997,셀토스,Kia,سيلتوس,1148
998,베뉴(VENUE),Hyundai,فينيو,1149
999,모닝,Kia,مورنينغ,1150
1000,코나 하이브리드(KONA HYBRID),Hyundai,كونا هايبرد,1151
1001,K5 하이브리드,Kia,K5 هايبرد,1152
1002,쏘렌토,Kia,سورينتو,1153
1003,셀토스,Kia,سيلتوس,1154
1004,봉고Ⅲ 1톤,Kia,بونغو III ,1156
1005,봉고Ⅲ 1톤,Kia,بونغو III ,1240
1006,쏘나타(SONATA),Hyundai,سوناتا,1241
1007,셀토스,Kia,سيلتوس,1242
1008,쏘렌토,Kia,سورينتو,1243
1009,아반떼(AVANTE),Hyundai,أفانت,1244
1010,셀토스,Kia,سيلتوس,1245
1011,모닝,Kia,مورنينغ,1246
1012,카니발 하이리무진,Kia,كارنيفال,1247
1013,아반떼 Hybrid(AVANTE Hybrid),Hyundai,أفانت هايبرد,1248
1014,K5,Kia,K5,1249
1015,아반떼(AVANTE),Hyundai,أفانت,1250
1016,K5 하이브리드,Kia,K5 هايبرد,1251
1017,카니발,Kia,كارنيفال,1253
1018,K3,Kia,K3,1254
1019,쏘나타(SONATA),Hyundai,سوناتا,1255
1020,그랜저 하이브리드(GRANDEUR HYBRID),Hyundai,جراندور هايبرد,1256
1021,투싼(TUCSON),Hyundai,توسان,1257
1022,쏘나타(SONATA),Hyundai,سوناتا,1258
1023,레이,Kia,ري,1260
1024,쏘나타 하이브리드 (SONATA HYBRID),Hyundai,سوناتا هايبرد,1261
1025,아이오닉 하이브리드(IONIQ HYBRID),Hyundai,أيونيك هايبرد,1262
1026,모닝,Kia,مورنينغ,1263
1027,K3,Kia,K3,1264
1028,티볼리,SsangYong,تيفولي,1265
1029,GV80,Genesis,GV80,1266
1030,K5 하이브리드,Kia,K5 هايبرد,1267
1031,카니발,Kia,كارنيفال,1268
1032,K8,Kia,K8,1269
1033,그랜드 스타렉스(GRAND STAREX),Hyundai,جراند ستاركس,1270
1034,아반떼(AVANTE),Hyundai,أفانت,1271
1035,모닝,Kia,مورنينغ,1272
1036,베뉴(VENUE),Hyundai,فينيو,1273
1037,니로 하이브리드,Kia,نيرو هايبرد,1274
1038,아반떼 Hybrid(AVANTE Hybrid),Hyundai,أفانت هايبرد,1275
1039,쏘렌토,Kia,سورينتو,1277
1040,K5,Kia,K5,1278
1041,포터Ⅱ (PORTERⅡ),Hyundai,بورتير Ⅱ,1279
1042,레이,Kia,ري,1280
1043,쏘렌토,Kia,سورينتو,1281
1044,그랜저 하이브리드(GRANDEUR HYBRID),Hyundai,جراندور هايبرد,1282
1045,K5,Kia,K5,1283
1046,티볼리,SsangYong,تيفولي,1284
1047,카니발,Kia,كارنيفال,1285
1048,아반떼 Hybrid(AVANTE Hybrid),Hyundai,أفانت هايبرد,1287
1049,모닝,Kia,مورنينغ,1289
1050,GV70,Genesis,GV70,1290
1051,카니발,Kia,كارنيفال,1291
1052,그랜저(GRANDEUR),Hyundai,جراندور,1292
1053,쏘렌토,Kia,سورينتو,1293
1054,G90,Genesis,G90,1294
1055,XM3,Renault,رينو XM3,1295
1056,K5,Kia,K5,1296
1057,아반떼(AVANTE),Hyundai,أفانت,1297
1058,트랙스 1.4,Chevrolet,تراكسي 1.4,1298
1059,카니발,Kia,كارنيفال,1299
1060,K5,Kia,K5,1300
1061,G80,Genesis,G80,1301
1062,싼타페(SANTAFE),Hyundai,سانتافيه,1303
1063,카니발,Kia,كارنيفال,1304
1064,아반떼(AVANTE),Hyundai,أفانت,1307
1065,EV6,Kia,كيا EV6,1308
1066,트랙스 1.4,Chevrolet,تراكسي 1.4,1309
1067,베뉴(VENUE),Hyundai,فينيو,1310
1068,K5 하이브리드,Kia,K5 هايبرد,1311
1069,레이,Kia,ري,1313
1070,스파크 1.0,Chevrolet,شيفروليه سبارك 1.0,1314
1071,티볼리,SsangYong,تيفولي,1315
1072,쏘나타(SONATA),Hyundai,سوناتا,1316
1073,아반떼 Hybrid(AVANTE Hybrid),Hyundai,أفانت هايبرد,1317
1074,투싼(TUCSON),Hyundai,توسان,1318
1075,셀토스,Kia,سيلتوس,1319
1076,K5 하이브리드,Kia,K5 هايبرد,1320
1077,EV6,Kia,كيا EV6,1321
1078,K5 하이브리드,Kia,K5 هايبرد,1322
1079,G70,Genesis,G70,1323
1080,그랜저 하이브리드(GRANDEUR HYBRID),Hyundai,جراندور هايبرد,1324
1081,Model Y Long Range,Tesla,موديل Y,1325
1082,쏘나타(SONATA),Hyundai,سوناتا,1326
1083,카니발,Kia,كارنيفال,1327
1084,그랜저(GRANDEUR),Hyundai,جراندور,1328
1085,카니발,Kia,كارنيفال,1329
1086,티볼리,SsangYong,تيفولي,1330
1087,그랜저(GRANDEUR),Hyundai,جراندور,1331
1088,EV6,Kia,كيا EV6,1332
1089,K5 하이브리드,Kia,K5 هايبرد,1333
1090,트레일블레이저 1.35 TURBO FWD,Chevrolet,تريل بليزر 1.35 تيربو FWD,1334
1091,G80,Genesis,G80,1335
1092,그랜저(GRANDEUR),Hyundai,جراندور,1336
1093,말리부 1.35 TURBO,Chevrolet,ماليبو 1.35 تيربو,1337
1094,쏠라티(SOLATI),Hyundai,سولاتي,1339
